{"cameraMode":{"drawMode":0,"name":"Shaded","section":"Shading Mode"},"sceneLighting":false,"audioPlay":false,"sceneViewState":{"m_AlwaysRefresh":false,"showFog":true,"showSkybox":false,"showFlares":true,"showImageEffects":true,"showParticleSystems":true,"showVisualEffectGraphs":true,"m_FxEnabled":true},"in2DMode":false,"pivot":{"x":1.9139243364334107,"y":-0.5749170780181885,"z":-1.7263275384902955},"rotation":{"x":0.299384206533432,"y":-0.0669008120894432,"z":0.021052498370409013,"w":0.9515931606292725},"size":1.6343916654586793,"orthographic":false}