{"cameraMode":{"drawMode":0,"name":"Shaded","section":"Shading Mode"},"sceneLighting":true,"audioPlay":false,"sceneViewState":{"m_AlwaysRefresh":false,"showFog":true,"showSkybox":false,"showFlares":true,"showImageEffects":true,"showParticleSystems":true,"showVisualEffectGraphs":true,"m_FxEnabled":true},"in2DMode":false,"pivot":{"x":-0.6907989382743836,"y":4.1979756355285648,"z":-6.74387788772583},"rotation":{"x":0.15703098475933076,"y":0.04029364138841629,"z":-0.006410397123545408,"w":0.9867908954620361},"size":0.00402850890532136,"orthographic":false}