{"cameraMode":{"drawMode":0,"name":"Shaded","section":"Shading Mode"},"sceneLighting":false,"audioPlay":false,"sceneViewState":{"m_AlwaysRefresh":false,"showFog":true,"showSkybox":false,"showFlares":true,"showImageEffects":true,"showParticleSystems":true,"showVisualEffectGraphs":true,"m_FxEnabled":true},"in2DMode":false,"pivot":{"x":0.4794066548347473,"y":2.893110513687134,"z":-3.4847447872161867},"rotation":{"x":0.002843251219019294,"y":0.9971842169761658,"z":-0.049709927290678027,"w":0.056887660175561908},"size":2.367973566055298,"orthographic":false}