{"cameraMode":{"drawMode":0,"name":"Shaded","section":"Shading Mode"},"sceneLighting":false,"audioPlay":false,"sceneViewState":{"m_AlwaysRefresh":false,"showFog":true,"showSkybox":false,"showFlares":true,"showImageEffects":true,"showParticleSystems":true,"showVisualEffectGraphs":true,"m_FxEnabled":true},"in2DMode":false,"pivot":{"x":2.8187026977539064,"y":-0.11645086854696274,"z":-0.8285468220710754},"rotation":{"x":0.06737679243087769,"y":0.9026273488998413,"z":-0.15337736904621125,"w":0.39659810066223147},"size":3.253682851791382,"orthographic":false}