{"cameraMode":{"drawMode":0,"name":"Shaded","section":"Shading Mode"},"sceneLighting":false,"audioPlay":false,"sceneViewState":{"m_AlwaysRefresh":false,"showFog":true,"showSkybox":false,"showFlares":true,"showImageEffects":true,"showParticleSystems":true,"showVisualEffectGraphs":true,"m_FxEnabled":true},"in2DMode":false,"pivot":{"x":1.5419807434082032,"y":-0.6196489334106445,"z":-1.8856935501098633},"rotation":{"x":0.01643132045865059,"y":-0.9823996424674988,"z":0.10534250736236572,"w":0.15393458306789399},"size":1.8515971899032593,"orthographic":false}