{"cameraMode":{"drawMode":0,"name":"Shaded","section":"Shading Mode"},"sceneLighting":false,"audioPlay":false,"sceneViewState":{"m_AlwaysRefresh":false,"showFog":true,"showSkybox":false,"showFlares":true,"showImageEffects":true,"showParticleSystems":true,"showVisualEffectGraphs":true,"m_FxEnabled":true},"in2DMode":false,"pivot":{"x":-0.007102787494659424,"y":0.8412421941757202,"z":0.49206286668777468},"rotation":{"x":-0.26230406761169436,"y":-0.11345251649618149,"z":0.031070508062839509,"w":-0.9577897787094116},"size":1.5363125801086426,"orthographic":false}