{"cameraMode":{"drawMode":0,"name":"Shaded","section":"Shading Mode"},"sceneLighting":false,"audioPlay":false,"sceneViewState":{"m_AlwaysRefresh":false,"showFog":true,"showSkybox":false,"showFlares":true,"showImageEffects":true,"showParticleSystems":true,"showVisualEffectGraphs":true,"m_FxEnabled":true},"in2DMode":false,"pivot":{"x":0.5113989114761353,"y":0.44955646991729739,"z":0.5144274830818176},"rotation":{"x":-0.000048336056352127343,"y":-0.9999551773071289,"z":0.006308951415121555,"w":-0.008392943069338799},"size":0.8660283088684082,"orthographic":false}