{"cameraMode":{"drawMode":0,"name":"Shaded","section":"Shading Mode"},"sceneLighting":false,"audioPlay":false,"sceneViewState":{"m_AlwaysRefresh":false,"showFog":true,"showSkybox":false,"showFlares":true,"showImageEffects":true,"showParticleSystems":true,"showVisualEffectGraphs":true,"m_FxEnabled":true},"in2DMode":false,"pivot":{"x":0.0000020265579223632814,"y":1.342801809310913,"z":-0.5900435447692871},"rotation":{"x":0.0063096084631979469,"y":0.013810471631586552,"z":-0.00007467880641343072,"w":0.9999172687530518},"size":2.3909270763397219,"orthographic":false}