{"cameraMode":{"drawMode":0,"name":"Shaded","section":"Shading Mode"},"sceneLighting":false,"audioPlay":false,"sceneViewState":{"m_AlwaysRefresh":false,"showFog":true,"showSkybox":false,"showFlares":true,"showImageEffects":true,"showParticleSystems":true,"showVisualEffectGraphs":true,"m_FxEnabled":true},"in2DMode":false,"pivot":{"x":-3.8859713077545168,"y":-0.0005229562520980835,"z":4.129759788513184},"rotation":{"x":0.299384206533432,"y":-0.0669008120894432,"z":0.021052498370409013,"w":0.9515931606292725},"size":0.3228110074996948,"orthographic":false}