{"cameraMode":{"drawMode":0,"name":"Shaded","section":"Shading Mode"},"sceneLighting":false,"audioPlay":false,"sceneViewState":{"m_AlwaysRefresh":false,"showFog":true,"showSkybox":false,"showFlares":true,"showImageEffects":true,"showParticleSystems":true,"showVisualEffectGraphs":true,"m_FxEnabled":true},"in2DMode":false,"pivot":{"x":0.034119557589292529,"y":1.0659022331237794,"z":-0.6719754338264465},"rotation":{"x":0.00009771191980689764,"y":0.9997312426567078,"z":-0.024307789281010629,"w":0.0029839822091162206},"size":0.8588946461677551,"orthographic":false}