{"cameraMode":{"drawMode":0,"name":"Shaded","section":"Shading Mode"},"sceneLighting":false,"audioPlay":false,"sceneViewState":{"m_AlwaysRefresh":false,"showFog":true,"showSkybox":false,"showFlares":true,"showImageEffects":true,"showParticleSystems":true,"showVisualEffectGraphs":true,"m_FxEnabled":true},"in2DMode":false,"pivot":{"x":0.6125054955482483,"y":1.113433599472046,"z":-0.6550502777099609},"rotation":{"x":0.030214326456189157,"y":0.07819761335849762,"z":-0.0023584463633596899,"w":0.9965097904205322},"size":2.3909270763397219,"orthographic":false}