{"cameraMode":{"drawMode":0,"name":"Shaded","section":"Shading Mode"},"sceneLighting":false,"audioPlay":false,"sceneViewState":{"m_AlwaysRefresh":false,"showFog":true,"showSkybox":false,"showFlares":true,"showImageEffects":true,"showParticleSystems":true,"showVisualEffectGraphs":true,"m_FxEnabled":true},"in2DMode":false,"pivot":{"x":-0.10509443283081055,"y":-0.03129243850708008,"z":0.0920572280883789},"rotation":{"x":0.299384206533432,"y":-0.0669008120894432,"z":0.021052498370409013,"w":0.9515931606292725},"size":3.941659450531006,"orthographic":false}