{"cameraMode":{"drawMode":0,"name":"Shaded","section":"Shading Mode"},"sceneLighting":false,"audioPlay":false,"sceneViewState":{"m_AlwaysRefresh":false,"showFog":true,"showSkybox":false,"showFlares":true,"showImageEffects":true,"showParticleSystems":true,"showVisualEffectGraphs":true,"m_FxEnabled":true},"in2DMode":false,"pivot":{"x":0.09325622022151947,"y":-0.00005958974361419678,"z":-0.017343297600746156},"rotation":{"x":0.299384206533432,"y":-0.0669008120894432,"z":0.021052498370409013,"w":0.9515931606292725},"size":0.3690096437931061,"orthographic":false}