{"cameraMode":{"drawMode":0,"name":"Shaded","section":"Shading Mode"},"sceneLighting":false,"audioPlay":false,"sceneViewState":{"m_AlwaysRefresh":false,"showFog":true,"showSkybox":false,"showFlares":true,"showImageEffects":true,"showParticleSystems":true,"showVisualEffectGraphs":true,"m_FxEnabled":true},"in2DMode":false,"pivot":{"x":0.012656450271606446,"y":-0.1525275707244873,"z":-0.007689952850341797},"rotation":{"x":0.299384206533432,"y":-0.0669008120894432,"z":0.021052498370409013,"w":0.9515931606292725},"size":3.979193687438965,"orthographic":false}