{"cameraMode":{"drawMode":0,"name":"Shaded","section":"Shading Mode"},"sceneLighting":true,"audioPlay":false,"sceneViewState":{"m_AlwaysRefresh":false,"showFog":true,"showSkybox":true,"showFlares":true,"showImageEffects":true,"showParticleSystems":true,"showVisualEffectGraphs":true,"m_FxEnabled":true},"in2DMode":false,"pivot":{"x":0.04454529285430908,"y":8.120849609375,"z":-3.6375985145568849},"rotation":{"x":0.40907979011535647,"y":-0.36197471618652346,"z":0.18108397722244264,"w":0.8178487420082092},"size":1.3163907527923585,"orthographic":false}