{"cameraMode":{"drawMode":0,"name":"Shaded","section":"Shading Mode"},"sceneLighting":true,"audioPlay":false,"sceneViewState":{"m_AlwaysRefresh":false,"showFog":true,"showSkybox":true,"showFlares":true,"showImageEffects":true,"showParticleSystems":true,"showVisualEffectGraphs":true,"m_FxEnabled":true},"in2DMode":false,"pivot":{"x":818.4646606445313,"y":872.4234008789063,"z":295.16259765625},"rotation":{"x":-0.024306900799274446,"y":0.002096567302942276,"z":-0.00004849407196161337,"w":-0.9997122883796692},"size":1294.4351806640625,"orthographic":false}