{"cameraMode":{"drawMode":0,"name":"Shaded","section":"Shading Mode"},"sceneLighting":true,"audioPlay":false,"sceneViewState":{"m_AlwaysRefresh":false,"showFog":true,"showSkybox":true,"showFlares":true,"showImageEffects":true,"showParticleSystems":true,"showVisualEffectGraphs":true,"m_FxEnabled":true},"in2DMode":false,"pivot":{"x":568.355712890625,"y":849.9179077148438,"z":-146.0246124267578},"rotation":{"x":0.08505937457084656,"y":-0.026305358856916429,"z":-0.0022375157568603756,"w":-0.9960384368896484},"size":788.8855590820313,"orthographic":false}