{"cameraMode":{"drawMode":0,"name":"Shaded","section":"Shading Mode"},"sceneLighting":false,"audioPlay":false,"sceneViewState":{"m_AlwaysRefresh":false,"showFog":true,"showSkybox":false,"showFlares":true,"showImageEffects":true,"showParticleSystems":true,"showVisualEffectGraphs":true,"m_FxEnabled":true},"in2DMode":false,"pivot":{"x":-0.5006387233734131,"y":2.2417709827423097,"z":-4.9074907302856449},"rotation":{"x":0.0009942642645910383,"y":0.9986668229103088,"z":0.020665405318140985,"w":-0.04798678308725357},"size":3.3437294960021974,"orthographic":false}