{"cameraMode":{"drawMode":0,"name":"Shaded","section":"Shading Mode"},"sceneLighting":false,"audioPlay":false,"sceneViewState":{"m_AlwaysRefresh":false,"showFog":true,"showSkybox":false,"showFlares":true,"showImageEffects":true,"showParticleSystems":true,"showVisualEffectGraphs":true,"m_FxEnabled":true},"in2DMode":false,"pivot":{"x":-2.8139822483062746,"y":1.798073649406433,"z":-0.786497950553894},"rotation":{"x":0.02585369348526001,"y":0.7432978749275208,"z":0.028772631660103799,"w":-0.6678910255432129},"size":3.3437294960021974,"orthographic":false}