{"cameraMode":{"drawMode":0,"name":"Shaded","section":"Shading Mode"},"sceneLighting":false,"audioPlay":false,"sceneViewState":{"m_AlwaysRefresh":false,"showFog":true,"showSkybox":false,"showFlares":true,"showImageEffects":true,"showParticleSystems":true,"showVisualEffectGraphs":true,"m_FxEnabled":true},"in2DMode":false,"pivot":{"x":-0.054859038442373279,"y":2.572061538696289,"z":1.3750163316726685},"rotation":{"x":0.0005706235533580184,"y":-0.9963089227676392,"z":0.08570277690887451,"w":0.006581628229469061},"size":0.8841381072998047,"orthographic":false}