{"cameraMode":{"drawMode":0,"name":"Shaded","section":"Shading Mode"},"sceneLighting":false,"audioPlay":false,"sceneViewState":{"m_AlwaysRefresh":false,"showFog":true,"showSkybox":false,"showFlares":true,"showImageEffects":true,"showParticleSystems":true,"showVisualEffectGraphs":true,"m_FxEnabled":true},"in2DMode":false,"pivot":{"x":-0.4401455819606781,"y":1.6319752931594849,"z":2.383986711502075},"rotation":{"x":-0.004565458744764328,"y":-0.9953185319900513,"z":0.06009998917579651,"w":-0.0756840631365776},"size":0.8841381072998047,"orthographic":false}