{"cameraMode":{"drawMode":0,"name":"Shaded","section":"Shading Mode"},"sceneLighting":false,"audioPlay":false,"sceneViewState":{"m_AlwaysRefresh":false,"showFog":true,"showSkybox":false,"showFlares":true,"showImageEffects":true,"showParticleSystems":true,"showVisualEffectGraphs":true,"m_FxEnabled":true},"in2DMode":false,"pivot":{"x":-0.7438387274742127,"y":0.28355157375335696,"z":-2.7602779865264894},"rotation":{"x":-0.004817918408662081,"y":-0.9949488043785095,"z":0.08107732981443405,"w":-0.05916358530521393},"size":3.440822124481201,"orthographic":false}