{"cameraMode":{"drawMode":0,"name":"Shaded","section":"Shading Mode"},"sceneLighting":false,"audioPlay":false,"sceneViewState":{"m_AlwaysRefresh":false,"showFog":true,"showSkybox":false,"showFlares":true,"showImageEffects":true,"showParticleSystems":true,"showVisualEffectGraphs":true,"m_FxEnabled":true},"in2DMode":false,"pivot":{"x":-2.2323455810546877,"y":1.3622467517852784,"z":-1.0694918632507325},"rotation":{"x":0.016445815563201906,"y":-0.9827352166175842,"z":0.10834862291812897,"w":0.14913493394851685},"size":3.440822124481201,"orthographic":false}