{"cameraMode":{"drawMode":0,"name":"Shaded","section":"Shading Mode"},"sceneLighting":false,"audioPlay":false,"sceneViewState":{"m_AlwaysRefresh":false,"showFog":true,"showSkybox":false,"showFlares":true,"showImageEffects":true,"showParticleSystems":true,"showVisualEffectGraphs":true,"m_FxEnabled":true},"in2DMode":false,"pivot":{"x":-0.03975089639425278,"y":0.42946603894233706,"z":1.811294674873352},"rotation":{"x":-0.004795309621840715,"y":0.983733057975769,"z":-0.17780035734176637,"w":-0.026582948863506318},"size":1.3205615282058716,"orthographic":false}