{"cameraMode":{"drawMode":0,"name":"Shaded","section":"Shading Mode"},"sceneLighting":false,"audioPlay":false,"sceneViewState":{"m_AlwaysRefresh":false,"showFog":true,"showSkybox":false,"showFlares":true,"showImageEffects":true,"showParticleSystems":true,"showVisualEffectGraphs":true,"m_FxEnabled":true},"in2DMode":false,"pivot":{"x":-0.30825111269950869,"y":2.1888482570648195,"z":-2.3451383113861086},"rotation":{"x":0.000855669321026653,"y":0.9978660345077515,"z":0.013162381947040558,"w":-0.06446623057126999},"size":1.9868948459625245,"orthographic":false}