{"cameraMode":{"drawMode":0,"name":"Shaded","section":"Shading Mode"},"sceneLighting":false,"audioPlay":false,"sceneViewState":{"m_AlwaysRefresh":false,"showFog":true,"showSkybox":false,"showFlares":true,"showImageEffects":true,"showParticleSystems":true,"showVisualEffectGraphs":true,"m_FxEnabled":true},"in2DMode":false,"pivot":{"x":0.33000680804252627,"y":1.0631110668182374,"z":-0.747429370880127},"rotation":{"x":0.0010972722666338087,"y":0.9976995587348938,"z":-0.06625442951917649,"w":0.016448738053441049},"size":1.9868948459625245,"orthographic":false}