{"cameraMode":{"drawMode":0,"name":"Shaded","section":"Shading Mode"},"sceneLighting":false,"audioPlay":false,"sceneViewState":{"m_AlwaysRefresh":false,"showFog":true,"showSkybox":false,"showFlares":true,"showImageEffects":true,"showParticleSystems":true,"showVisualEffectGraphs":true,"m_FxEnabled":true},"in2DMode":false,"pivot":{"x":0.0005269050598144531,"y":1.4423472881317139,"z":0.9659826755523682},"rotation":{"x":0.0007508397102355957,"y":-0.9991674423217773,"z":0.021294498816132547,"w":0.035091668367385867},"size":2.7492222785949709,"orthographic":false}