{"cameraMode":{"drawMode":0,"name":"Shaded","section":"Shading Mode"},"sceneLighting":false,"audioPlay":false,"sceneViewState":{"m_AlwaysRefresh":false,"showFog":true,"showSkybox":false,"showFlares":true,"showImageEffects":true,"showParticleSystems":true,"showVisualEffectGraphs":true,"m_FxEnabled":true},"in2DMode":false,"pivot":{"x":-0.11643624305725098,"y":1.790253758430481,"z":-1.6436660289764405},"rotation":{"x":-0.00038528931327164173,"y":0.9991079568862915,"z":-0.04229717329144478,"w":-0.00900519359856844},"size":1.7227323055267335,"orthographic":false}