{"cameraMode":{"drawMode":0,"name":"Shaded","section":"Shading Mode"},"sceneLighting":false,"audioPlay":false,"sceneViewState":{"m_AlwaysRefresh":false,"showFog":true,"showSkybox":false,"showFlares":true,"showImageEffects":true,"showParticleSystems":true,"showVisualEffectGraphs":true,"m_FxEnabled":true},"in2DMode":false,"pivot":{"x":0.06550610065460205,"y":0.01739335060119629,"z":0.0684354305267334},"rotation":{"x":0.15703098475933076,"y":0.04029364138841629,"z":-0.006410397123545408,"w":0.9867908954620361},"size":2.0011849403381349,"orthographic":false}