{"cameraMode":{"drawMode":0,"name":"Shaded","section":"Shading Mode"},"sceneLighting":true,"audioPlay":false,"sceneViewState":{"m_AlwaysRefresh":false,"showFog":true,"showSkybox":false,"showFlares":true,"showImageEffects":true,"showParticleSystems":true,"showVisualEffectGraphs":true,"m_FxEnabled":true},"in2DMode":false,"pivot":{"x":-0.013037800788879395,"y":0.43650421500205996,"z":0.0010122060775756837},"rotation":{"x":0.23652221262454987,"y":0.016333257779479028,"z":-0.003974738996475935,"w":0.9715210795402527},"size":1.7022721767425538,"orthographic":false}