{"cameraMode":{"drawMode":0,"name":"Shaded","section":"Shading Mode"},"sceneLighting":true,"audioPlay":false,"sceneViewState":{"m_AlwaysRefresh":false,"showFog":true,"showSkybox":false,"showFlares":true,"showImageEffects":true,"showParticleSystems":true,"showVisualEffectGraphs":true,"m_FxEnabled":true},"in2DMode":false,"pivot":{"x":-0.03669404983520508,"y":0.7659835815429688,"z":0.04356050491333008},"rotation":{"x":0.3632957637310028,"y":-0.32818150520324709,"z":0.13849174976348878,"w":0.8609368205070496},"size":3.262723207473755,"orthographic":false}