{"cameraMode":{"drawMode":0,"name":"Shaded","section":"Shading Mode"},"sceneLighting":false,"audioPlay":false,"sceneViewState":{"m_AlwaysRefresh":false,"showFog":true,"showSkybox":false,"showFlares":true,"showImageEffects":true,"showParticleSystems":true,"showVisualEffectGraphs":true,"m_FxEnabled":true},"in2DMode":false,"pivot":{"x":0.28118136525154116,"y":0.30664873123168948,"z":-0.38818269968032839},"rotation":{"x":0.07172893732786179,"y":-0.9107016324996948,"z":0.17874500155448914,"w":0.36544278264045718},"size":1.6107847690582276,"orthographic":false}