{"cameraMode":{"drawMode":0,"name":"Shaded","section":"Shading Mode"},"sceneLighting":false,"audioPlay":false,"sceneViewState":{"m_AlwaysRefresh":false,"showFog":true,"showSkybox":false,"showFlares":true,"showImageEffects":true,"showParticleSystems":true,"showVisualEffectGraphs":true,"m_FxEnabled":true},"in2DMode":false,"pivot":{"x":-0.20173795521259309,"y":0.919152557849884,"z":1.6716208457946778},"rotation":{"x":-0.00008925942529458553,"y":-0.9986622929573059,"z":0.0018069416983053089,"w":-0.05187026038765907},"size":0.8660283088684082,"orthographic":false}