{"cameraMode":{"drawMode":0,"name":"Shaded","section":"Shading Mode"},"sceneLighting":false,"audioPlay":false,"sceneViewState":{"m_AlwaysRefresh":false,"showFog":true,"showSkybox":false,"showFlares":true,"showImageEffects":true,"showParticleSystems":true,"showVisualEffectGraphs":true,"m_FxEnabled":true},"in2DMode":false,"pivot":{"x":-2.6466078758239748,"y":1.4451128244400025,"z":-1.311376929283142},"rotation":{"x":-0.00032131982152350247,"y":0.9985403418540955,"z":-0.05428405851125717,"w":-0.006006081588566303},"size":0.8660283088684082,"orthographic":false}