{"cameraMode":{"drawMode":0,"name":"Shaded","section":"Shading Mode"},"sceneLighting":false,"audioPlay":false,"sceneViewState":{"m_AlwaysRefresh":false,"showFog":true,"showSkybox":false,"showFlares":true,"showImageEffects":true,"showParticleSystems":true,"showVisualEffectGraphs":true,"m_FxEnabled":true},"in2DMode":false,"pivot":{"x":1.0513256788253785,"y":-0.027041299268603326,"z":2.8893632888793947},"rotation":{"x":0.023527640849351884,"y":-0.4084555208683014,"z":0.010610639117658139,"w":0.9125050902366638},"size":1.5840729475021363,"orthographic":false}